"baseline","path","blob","source_check","graph_coverage","scope"
"e10dd3f18d2da985f969cbc54cb19a87f1f287af","kit/service/account/account_test.go","c4673bfc1f9579f8d86aefefea7cccb2b85fabe5","existing helper and fault configuration","request timed out after 300s; current source fallback","targeted branches, not every line"
"e10dd3f18d2da985f969cbc54cb19a87f1f287af","kit/service/account/identity.go","31d3f65c2999ad84e9c5b13239092ec43a9a282c","Verified validation and verifier authority","request timed out after 300s; current source fallback","targeted branches, not every line"
"e10dd3f18d2da985f969cbc54cb19a87f1f287af","kit/service/account/redis_store.go","32d9e8ce464e21e15740ee24a3323585a7eb61a9","slot durability/no TTL","request timed out after 300s; current source fallback","targeted branches, not every line"
"e10dd3f18d2da985f969cbc54cb19a87f1f287af","kit/service/account/service.go","aed7d9e7e6c834e92fa0d08b9924d2ecf6e9be9d","verified Login/CreateRole/rollbackRole/releaseSlot","request timed out after 300s; current source fallback","targeted branches, not every line"
"e10dd3f18d2da985f969cbc54cb19a87f1f287af","kit/service/account/types.go","65c409b1f2b7468de2fd2981677be8cfce32c409","AccountID encoding","request timed out after 300s; current source fallback","targeted branches, not every line"
"e10dd3f18d2da985f969cbc54cb19a87f1f287af","kit/service/chat/store.go","9a0a1c527e6130c1760d7307c011f6071ffb4d27","channel store and bounded replay contract; no new bug claim","request timed out after 300s; current source fallback","targeted branches, not every line"
"e10dd3f18d2da985f969cbc54cb19a87f1f287af","kit/service/global/activity/activity_test.go","55e7b984934999931d746d71ca5100dd2d2832dd","existing activity helper/notify","request timed out after 300s; current source fallback","targeted branches, not every line"
"e10dd3f18d2da985f969cbc54cb19a87f1f287af","kit/service/global/activity/admin.go","eb20f3cef07d9e0d9de7c658d2ae7e96d300ee5c","completion/window boundary","request timed out after 300s; current source fallback","targeted branches, not every line"
"e10dd3f18d2da985f969cbc54cb19a87f1f287af","kit/service/global/activity/redis_store.go","acfc9ef4d8ecf3eafc44e5a9559ddeff42bfca4f","ledger/index state lifecycle","request timed out after 300s; current source fallback","targeted branches, not every line"
"e10dd3f18d2da985f969cbc54cb19a87f1f287af","kit/service/global/activity/server_run.go","d525fe653552ce267d06639d047f0b999d041303","retire/owed/background recovery","request timed out after 300s; current source fallback","targeted branches, not every line"
"e10dd3f18d2da985f969cbc54cb19a87f1f287af","kit/service/global/activity/service.go","26dce9a201d84e004736a00498f59d8093d8f56a","ApplyProgress bounds/admission/reservation/participant write","request timed out after 300s; current source fallback","targeted branches, not every line"
"e10dd3f18d2da985f969cbc54cb19a87f1f287af","kit/service/global/activity/types.go","9082203bc8a774b7f52e972c764d578f4fb6995b","ProgressDelta validation and int64 fields","request timed out after 300s; current source fallback","targeted branches, not every line"
"e10dd3f18d2da985f969cbc54cb19a87f1f287af","kit/service/global/global_test.go","5b52046d7dc7b0d0de228ae82b1fa5358b240b7b","existing global helper","request timed out after 300s; current source fallback","targeted branches, not every line"
"e10dd3f18d2da985f969cbc54cb19a87f1f287af","kit/service/global/redis_store.go","fb229efa2daa5a1bdb5c1d1b45d7ccea36faf64a","separate route/lease stores","request timed out after 300s; current source fallback","targeted branches, not every line"
"e10dd3f18d2da985f969cbc54cb19a87f1f287af","kit/service/global/service.go","46060207d61e06d72ab4688a851cd6d7f21a3336","routing migrations/AcquireLease/RenewLease/Lease/LiveGames","request timed out after 300s; current source fallback","targeted branches, not every line"
"e10dd3f18d2da985f969cbc54cb19a87f1f287af","kit/service/global/types.go","c9affdc74e8d1fc6059619397d01ebb47cc9674f","GameLease binding contract/cloneLoad","request timed out after 300s; current source fallback","targeted branches, not every line"
"e10dd3f18d2da985f969cbc54cb19a87f1f287af","service/mail/mail_test.go","c7296bed5173db2c68a4cca408677f9fd6bdf5c1","existing mail harness and envelope helper","request timed out after 300s; current source fallback","targeted branches, not every line"
"e10dd3f18d2da985f969cbc54cb19a87f1f287af","service/mail/mailbox.go","146448cbdc7d7f2c6277f20467a5c58aca1115b4","mailbox state and retention bounds","request timed out after 300s; current source fallback","targeted branches, not every line"
"e10dd3f18d2da985f969cbc54cb19a87f1f287af","service/mail/redis_store.go","3bc29bf916c5f3b29c83b40af2577b06b1b835bc","send ledger TTL/envelope insert-only","request timed out after 300s; current source fallback","targeted branches, not every line"
"e10dd3f18d2da985f969cbc54cb19a87f1f287af","service/mail/service.go","f586180e3d9ba9c7c373515fab4cc4bf06b99079","Send/replaySend/deliverAndRecord","request timed out after 300s; current source fallback","targeted branches, not every line"
"e10dd3f18d2da985f969cbc54cb19a87f1f287af","service/mail/store.go","5893c704ddd61308b25e6045d61ec130ff052057","SentRecord/EnvelopeStore contracts","request timed out after 300s; current source fallback","targeted branches, not every line"
"e10dd3f18d2da985f969cbc54cb19a87f1f287af","service/match/grouping.go","69d9817716226f7d83f96bd11069a8b33478e217","existing grouping boundary; no new bug claim","request timed out after 300s; current source fallback","targeted branches, not every line"
"e10dd3f18d2da985f969cbc54cb19a87f1f287af","service/match/queue_store.go","b1f2aa68a73260d51e4d5a564bff16f46a894817","queue/history retention; prior capacity observation only","request timed out after 300s; current source fallback","targeted branches, not every line"
"e10dd3f18d2da985f969cbc54cb19a87f1f287af","service/match/types.go","36de1c4555a93e80f3f018b1dab080c3eca1427b","queue/ticket/match contracts","request timed out after 300s; current source fallback","targeted branches, not every line"
"e10dd3f18d2da985f969cbc54cb19a87f1f287af","service/session/admin.go","c7642fe423e47d2ace0e155a5155a3e6e8013081","ForceRelease managed state and note","request timed out after 300s; current source fallback","targeted branches, not every line"
"e10dd3f18d2da985f969cbc54cb19a87f1f287af","service/session/redis_store.go","d6630dd0acada836e02de0b970da8df2c5cc6a5d","Redis stores, claim no TTL","request timed out after 300s; current source fallback","targeted branches, not every line"
"e10dd3f18d2da985f969cbc54cb19a87f1f287af","service/session/service.go","641eb61e72877b9344223503e6d3786807e1b071","Attach/finish/releaseClaim/releasePending; RR14/RR18/old ABA","request timed out after 300s; current source fallback","targeted branches, not every line"
"e10dd3f18d2da985f969cbc54cb19a87f1f287af","service/session/session_rpc_gen.go","364b380f233bab844e8440529bef70ccd54e3ef8","wire Resource input and server Attach forwarding","request timed out after 300s; current source fallback","targeted branches, not every line"
"e10dd3f18d2da985f969cbc54cb19a87f1f287af","service/session/session_rpc.go","9a9f33c91482b771450ba98f916a6809bb70bb43","public Attach domain interface","request timed out after 300s; current source fallback","targeted branches, not every line"
"e10dd3f18d2da985f969cbc54cb19a87f1f287af","service/session/session_test.go","472d2f0b9c723908a622776356bb5635d03c20c2","existing harness/releaser/clock","request timed out after 300s; current source fallback","targeted branches, not every line"
"e10dd3f18d2da985f969cbc54cb19a87f1f287af","service/session/types.go","2326e2536907674d7d09ff175bf3fbde61f21079","Resource validation/Released/Pending","request timed out after 300s; current source fallback","targeted branches, not every line"
"e10dd3f18d2da985f969cbc54cb19a87f1f287af","versionstore/memory_store.go","638bdd6bb477c59c207423bef23c1289014c9c83","struct copy, Create v1, Delete version compare","request timed out after 300s; current source fallback","targeted branches, not every line"
"e10dd3f18d2da985f969cbc54cb19a87f1f287af","versionstore/redis_store.go","3d41822cd81638029bcca9565257ddf7a0fd2892","Create v1, Delete re-read/raw CAS; ABA","request timed out after 300s; current source fallback","targeted branches, not every line"
"e10dd3f18d2da985f969cbc54cb19a87f1f287af","versionstore/versionstore.go","ad0c443e3ee8f60b9cbfdfa3dd7c8b66324f1779","Store and Mutate contract","request timed out after 300s; current source fallback","targeted branches, not every line"
