"path","domain","source_blob","evidence_mode","first_pass_sha","current_sha","graph_freshness","source_fallback"
"kit/service/account/account_mod.go","account","e3beb5f177e8340ff9d77278e9e04ba78e1a6e19","unchanged-first-pass-evidence-reused","6b73289cefd4e300a75f2550d4d68646172294ad","b336ce62f75ce0d763138bc8523c4695724214a2","metadata_changed","current-source-or-unchanged-blob-plus-prior-source"
"kit/service/account/account_rpc.go","account","dd5c7aff3d3f63a6bdc0287e096ce9c7bd5daaba","current-main-chain-source-review","6b73289cefd4e300a75f2550d4d68646172294ad","b336ce62f75ce0d763138bc8523c4695724214a2","metadata_changed","current-source-or-unchanged-blob-plus-prior-source"
"kit/service/account/accounts_rpc_assembly_gen.go","account","dd5d16bf68808793ceaa214dbcbbbe0fc0dfee80","current-generation-check-and-sample","6b73289cefd4e300a75f2550d4d68646172294ad","b336ce62f75ce0d763138bc8523c4695724214a2","metadata_changed","current-source-or-unchanged-blob-plus-prior-source"
"kit/service/account/accounts_rpc_gen.go","account","5f884c2c42fc922af3343e1df0c7a82717da636a","current-generation-check-and-sample","6b73289cefd4e300a75f2550d4d68646172294ad","b336ce62f75ce0d763138bc8523c4695724214a2","metadata_changed","current-source-or-unchanged-blob-plus-prior-source"
"kit/service/account/create_role.go","account","b4b0137611c3dcb9d99f357b130a201a52be795c","current-main-chain-source-review","6b73289cefd4e300a75f2550d4d68646172294ad","b336ce62f75ce0d763138bc8523c4695724214a2","metadata_changed","current-source-or-unchanged-blob-plus-prior-source"
"kit/service/account/identity.go","account","31d3f65c2999ad84e9c5b13239092ec43a9a282c","unchanged-first-pass-evidence-reused","6b73289cefd4e300a75f2550d4d68646172294ad","b336ce62f75ce0d763138bc8523c4695724214a2","metadata_changed","current-source-or-unchanged-blob-plus-prior-source"
"kit/service/account/redis_store.go","account","32d9e8ce464e21e15740ee24a3323585a7eb61a9","unchanged-first-pass-evidence-reused","6b73289cefd4e300a75f2550d4d68646172294ad","b336ce62f75ce0d763138bc8523c4695724214a2","metadata_changed","current-source-or-unchanged-blob-plus-prior-source"
"kit/service/account/server_run.go","account","a47981a987dd03d5a561204c40a5a1c402941134","unchanged-first-pass-evidence-reused","6b73289cefd4e300a75f2550d4d68646172294ad","b336ce62f75ce0d763138bc8523c4695724214a2","metadata_changed","current-source-or-unchanged-blob-plus-prior-source"
"kit/service/account/service.go","account","edbad2155a9ac54734c625ec5d98da20aac2f3f7","current-main-chain-source-review","6b73289cefd4e300a75f2550d4d68646172294ad","b336ce62f75ce0d763138bc8523c4695724214a2","metadata_changed","current-source-or-unchanged-blob-plus-prior-source"
"kit/service/account/types.go","account","45de492e3d21494af4efe45a81c0d1e5f8d2ee05","current-main-chain-source-review","6b73289cefd4e300a75f2550d4d68646172294ad","b336ce62f75ce0d763138bc8523c4695724214a2","metadata_changed","current-source-or-unchanged-blob-plus-prior-source"
"kit/service/chat/chat.go","chat","2108b057d004bf3595613641912e742a793b1cb9","current-main-chain-source-review","6b73289cefd4e300a75f2550d4d68646172294ad","b336ce62f75ce0d763138bc8523c4695724214a2","metadata_changed","current-source-or-unchanged-blob-plus-prior-source"
"kit/service/chat/chat_mod.go","chat","46d07458a602c3fbab948c7a5e0ec7983e0ae519","unchanged-first-pass-evidence-reused","6b73289cefd4e300a75f2550d4d68646172294ad","b336ce62f75ce0d763138bc8523c4695724214a2","metadata_changed","current-source-or-unchanged-blob-plus-prior-source"
"kit/service/chat/chat_rpc.go","chat","cdefdc840d1b1da3082f053c661565867141bc04","unchanged-first-pass-evidence-reused","6b73289cefd4e300a75f2550d4d68646172294ad","b336ce62f75ce0d763138bc8523c4695724214a2","metadata_changed","current-source-or-unchanged-blob-plus-prior-source"
"kit/service/chat/messaging_rpc_assembly_gen.go","chat","b9e10b46a6b7080848ed6126b42b07b042a81044","current-generation-check-and-sample","6b73289cefd4e300a75f2550d4d68646172294ad","b336ce62f75ce0d763138bc8523c4695724214a2","metadata_changed","current-source-or-unchanged-blob-plus-prior-source"
"kit/service/chat/messaging_rpc_gen.go","chat","55f4514a1413e1b76239d211553b4b8f2ec58073","current-generation-check-and-sample","6b73289cefd4e300a75f2550d4d68646172294ad","b336ce62f75ce0d763138bc8523c4695724214a2","metadata_changed","current-source-or-unchanged-blob-plus-prior-source"
"kit/service/chat/redis_store.go","chat","699824a72356abd970f392bc5dceaba4c9f7db67","unchanged-first-pass-evidence-reused","6b73289cefd4e300a75f2550d4d68646172294ad","b336ce62f75ce0d763138bc8523c4695724214a2","metadata_changed","current-source-or-unchanged-blob-plus-prior-source"
"kit/service/chat/server_run.go","chat","abe22fd4b0af815c06a160e90c7ae3e7d8dd881b","unchanged-first-pass-evidence-reused","6b73289cefd4e300a75f2550d4d68646172294ad","b336ce62f75ce0d763138bc8523c4695724214a2","metadata_changed","current-source-or-unchanged-blob-plus-prior-source"
"kit/service/chat/service.go","chat","4a4a40066f9f4a68fe702eb0ceb226348a18f1cf","unchanged-first-pass-evidence-reused","6b73289cefd4e300a75f2550d4d68646172294ad","b336ce62f75ce0d763138bc8523c4695724214a2","metadata_changed","current-source-or-unchanged-blob-plus-prior-source"
"kit/service/chat/store.go","chat","9a0a1c527e6130c1760d7307c011f6071ffb4d27","unchanged-first-pass-evidence-reused","6b73289cefd4e300a75f2550d4d68646172294ad","b336ce62f75ce0d763138bc8523c4695724214a2","metadata_changed","current-source-or-unchanged-blob-plus-prior-source"
"kit/service/directory/directory.go","directory","d514f3dbee66ef699427194a28f46b48b7b8f4c0","unchanged-first-pass-evidence-reused","6b73289cefd4e300a75f2550d4d68646172294ad","b336ce62f75ce0d763138bc8523c4695724214a2","metadata_changed","current-source-or-unchanged-blob-plus-prior-source"
"kit/service/directory/directory_mod.go","directory","07bd61a3cd345c70882fefa88d97b6f51eb0f4f2","unchanged-first-pass-evidence-reused","6b73289cefd4e300a75f2550d4d68646172294ad","b336ce62f75ce0d763138bc8523c4695724214a2","metadata_changed","current-source-or-unchanged-blob-plus-prior-source"
"kit/service/directory/redis_store.go","directory","8e1c3f1608c8c06955767cdbec612e00743e99d3","unchanged-first-pass-evidence-reused","6b73289cefd4e300a75f2550d4d68646172294ad","b336ce62f75ce0d763138bc8523c4695724214a2","metadata_changed","current-source-or-unchanged-blob-plus-prior-source"
"kit/service/directory/store.go","directory","bcfe2c2929a74dfe6eb5c1c220b9173d2dd8d86c","current-main-chain-source-review","6b73289cefd4e300a75f2550d4d68646172294ad","b336ce62f75ce0d763138bc8523c4695724214a2","metadata_changed","current-source-or-unchanged-blob-plus-prior-source"
"kit/service/examples/split/consumer.go","examples","e24f0635a45095fdf1babc4e5eb2a9326fb8ae7b","current-main-chain-source-review","6b73289cefd4e300a75f2550d4d68646172294ad","b336ce62f75ce0d763138bc8523c4695724214a2","metadata_changed","current-source-or-unchanged-blob-plus-prior-source"
"kit/service/examples/split/doc.go","examples","ace0a4ad73f28dbf326a4819b00ecfbc04f55ff6","unchanged-first-pass-evidence-reused","6b73289cefd4e300a75f2550d4d68646172294ad","b336ce62f75ce0d763138bc8523c4695724214a2","metadata_changed","current-source-or-unchanged-blob-plus-prior-source"
"kit/service/examples/split/gameprocess.go","examples","b8b5c21d398f7eeff6c00193fdf8c6455077f993","unchanged-first-pass-evidence-reused","6b73289cefd4e300a75f2550d4d68646172294ad","b336ce62f75ce0d763138bc8523c4695724214a2","metadata_changed","current-source-or-unchanged-blob-plus-prior-source"
"kit/service/examples/split/mailprocess.go","examples","b96c766fbc3e3c2d1403ef1e062f4a468416bea0","unchanged-first-pass-evidence-reused","6b73289cefd4e300a75f2550d4d68646172294ad","b336ce62f75ce0d763138bc8523c4695724214a2","metadata_changed","current-source-or-unchanged-blob-plus-prior-source"
"kit/service/global/activity/activity_mod.go","activity","b2a9a0b39a506c35f1e9b7ea6717da04e1a0f3fe","unchanged-first-pass-evidence-reused","6b73289cefd4e300a75f2550d4d68646172294ad","b336ce62f75ce0d763138bc8523c4695724214a2","metadata_changed","current-source-or-unchanged-blob-plus-prior-source"
"kit/service/global/activity/activity_rpc.go","activity","efeed869cba9940e550dc19dfd9dfabfd784f51b","unchanged-first-pass-evidence-reused","6b73289cefd4e300a75f2550d4d68646172294ad","b336ce62f75ce0d763138bc8523c4695724214a2","metadata_changed","current-source-or-unchanged-blob-plus-prior-source"
"kit/service/global/activity/admin.go","activity","eb20f3cef07d9e0d9de7c658d2ae7e96d300ee5c","unchanged-first-pass-evidence-reused","6b73289cefd4e300a75f2550d4d68646172294ad","b336ce62f75ce0d763138bc8523c4695724214a2","metadata_changed","current-source-or-unchanged-blob-plus-prior-source"
"kit/service/global/activity/coordinator_rpc_assembly_gen.go","activity","d998fb34633c7921645de79096ec9265a891258f","current-generation-check-and-sample","6b73289cefd4e300a75f2550d4d68646172294ad","b336ce62f75ce0d763138bc8523c4695724214a2","metadata_changed","current-source-or-unchanged-blob-plus-prior-source"
"kit/service/global/activity/coordinator_rpc_gen.go","activity","0f3973481782b2e24d39d8cc3c399add315de0c2","current-generation-check-and-sample","6b73289cefd4e300a75f2550d4d68646172294ad","b336ce62f75ce0d763138bc8523c4695724214a2","metadata_changed","current-source-or-unchanged-blob-plus-prior-source"
"kit/service/global/activity/redis_store.go","activity","acfc9ef4d8ecf3eafc44e5a9559ddeff42bfca4f","unchanged-first-pass-evidence-reused","6b73289cefd4e300a75f2550d4d68646172294ad","b336ce62f75ce0d763138bc8523c4695724214a2","metadata_changed","current-source-or-unchanged-blob-plus-prior-source"
"kit/service/global/activity/server_run.go","activity","d525fe653552ce267d06639d047f0b999d041303","unchanged-first-pass-evidence-reused","6b73289cefd4e300a75f2550d4d68646172294ad","b336ce62f75ce0d763138bc8523c4695724214a2","metadata_changed","current-source-or-unchanged-blob-plus-prior-source"
"kit/service/global/activity/service.go","activity","b456f06c1cc49e2338fe95db0b6e4408a1a92742","current-main-chain-source-review","6b73289cefd4e300a75f2550d4d68646172294ad","b336ce62f75ce0d763138bc8523c4695724214a2","metadata_changed","current-source-or-unchanged-blob-plus-prior-source"
"kit/service/global/activity/types.go","activity","992872bf9fbf59ffe82517f3f9326e87249ad0bd","current-main-chain-source-review","6b73289cefd4e300a75f2550d4d68646172294ad","b336ce62f75ce0d763138bc8523c4695724214a2","metadata_changed","current-source-or-unchanged-blob-plus-prior-source"
"kit/service/global/global_mod.go","global","f352ba8d15b6d6cf615d3f7aea26c7d4c6f2c86b","unchanged-first-pass-evidence-reused","6b73289cefd4e300a75f2550d4d68646172294ad","b336ce62f75ce0d763138bc8523c4695724214a2","metadata_changed","current-source-or-unchanged-blob-plus-prior-source"
"kit/service/global/global_rpc.go","global","1c0d8dd7980eed900269a705f4011b87420347f5","unchanged-first-pass-evidence-reused","6b73289cefd4e300a75f2550d4d68646172294ad","b336ce62f75ce0d763138bc8523c4695724214a2","metadata_changed","current-source-or-unchanged-blob-plus-prior-source"
"kit/service/global/redis_store.go","global","fb229efa2daa5a1bdb5c1d1b45d7ccea36faf64a","unchanged-first-pass-evidence-reused","6b73289cefd4e300a75f2550d4d68646172294ad","b336ce62f75ce0d763138bc8523c4695724214a2","metadata_changed","current-source-or-unchanged-blob-plus-prior-source"
"kit/service/global/routing_rpc_assembly_gen.go","global","3beeae89ee0d71482fddb7d5f1e24fb22a5ad0ff","current-generation-check-and-sample","6b73289cefd4e300a75f2550d4d68646172294ad","b336ce62f75ce0d763138bc8523c4695724214a2","metadata_changed","current-source-or-unchanged-blob-plus-prior-source"
"kit/service/global/routing_rpc_gen.go","global","216006944e54c1ad0491e6db53993b11b8982356","current-generation-check-and-sample","6b73289cefd4e300a75f2550d4d68646172294ad","b336ce62f75ce0d763138bc8523c4695724214a2","metadata_changed","current-source-or-unchanged-blob-plus-prior-source"
"kit/service/global/server_run.go","global","dc5bbf76979be5081b02fbfdbfb94a555041b019","unchanged-first-pass-evidence-reused","6b73289cefd4e300a75f2550d4d68646172294ad","b336ce62f75ce0d763138bc8523c4695724214a2","metadata_changed","current-source-or-unchanged-blob-plus-prior-source"
"kit/service/global/service.go","global","f3f24aab5c7cd3b2510ec810df3b8c68145feb69","current-main-chain-source-review","6b73289cefd4e300a75f2550d4d68646172294ad","b336ce62f75ce0d763138bc8523c4695724214a2","metadata_changed","current-source-or-unchanged-blob-plus-prior-source"
"kit/service/global/types.go","global","c9affdc74e8d1fc6059619397d01ebb47cc9674f","unchanged-first-pass-evidence-reused","6b73289cefd4e300a75f2550d4d68646172294ad","b336ce62f75ce0d763138bc8523c4695724214a2","metadata_changed","current-source-or-unchanged-blob-plus-prior-source"
"kit/service/integration/doc.go","integration","162afa401b0b4b6048a30e8b5e05cf4a6bf68935","unchanged-first-pass-evidence-reused","6b73289cefd4e300a75f2550d4d68646172294ad","b336ce62f75ce0d763138bc8523c4695724214a2","metadata_changed","current-source-or-unchanged-blob-plus-prior-source"
"kit/service/mail/alias.go","mail","cbbb04a9b530aed00b946e980c029b5f3afd73ee","unchanged-first-pass-evidence-reused","6b73289cefd4e300a75f2550d4d68646172294ad","b336ce62f75ce0d763138bc8523c4695724214a2","metadata_changed","current-source-or-unchanged-blob-plus-prior-source"
"kit/service/mail/mail_mod.go","mail","872844292bf57d5a4e236475270c02c744599fe8","unchanged-first-pass-evidence-reused","6b73289cefd4e300a75f2550d4d68646172294ad","b336ce62f75ce0d763138bc8523c4695724214a2","metadata_changed","current-source-or-unchanged-blob-plus-prior-source"
"kit/service/mail/mail_rpc_assembly_gen.go","mail","b2a7ccecdaa939263ca018c4d856a8d6332218c6","current-generation-check-and-sample","6b73289cefd4e300a75f2550d4d68646172294ad","b336ce62f75ce0d763138bc8523c4695724214a2","metadata_changed","current-source-or-unchanged-blob-plus-prior-source"
"kit/service/mail/server_run.go","mail","292cda02afb0999a71185baa3967f9619db8be95","unchanged-first-pass-evidence-reused","6b73289cefd4e300a75f2550d4d68646172294ad","b336ce62f75ce0d763138bc8523c4695724214a2","metadata_changed","current-source-or-unchanged-blob-plus-prior-source"
"kit/service/match/alias.go","match","1bbcb34cc53eb41d461d5876a2b895efe3c7ad17","unchanged-first-pass-evidence-reused","6b73289cefd4e300a75f2550d4d68646172294ad","b336ce62f75ce0d763138bc8523c4695724214a2","metadata_changed","current-source-or-unchanged-blob-plus-prior-source"
"kit/service/match/match_mod.go","match","887fe1f26a02b54fb66a86b50e057ca6f176901d","unchanged-first-pass-evidence-reused","6b73289cefd4e300a75f2550d4d68646172294ad","b336ce62f75ce0d763138bc8523c4695724214a2","metadata_changed","current-source-or-unchanged-blob-plus-prior-source"
"kit/service/match/matchmaker_rpc_assembly_gen.go","match","df54adbe902871a063f9fcfdedb9c8ac81e4ab64","current-generation-check-and-sample","6b73289cefd4e300a75f2550d4d68646172294ad","b336ce62f75ce0d763138bc8523c4695724214a2","metadata_changed","current-source-or-unchanged-blob-plus-prior-source"
"kit/service/match/server_run.go","match","eb050342ce6183167a829f365165e32677d1d447","unchanged-first-pass-evidence-reused","6b73289cefd4e300a75f2550d4d68646172294ad","b336ce62f75ce0d763138bc8523c4695724214a2","metadata_changed","current-source-or-unchanged-blob-plus-prior-source"
"kit/service/platform/admin.go","platform","fff71c4660d9d7b59d0637f26211fd02aec36438","current-main-chain-source-review","6b73289cefd4e300a75f2550d4d68646172294ad","b336ce62f75ce0d763138bc8523c4695724214a2","metadata_changed","current-source-or-unchanged-blob-plus-prior-source"
"kit/service/platform/identity.go","platform","7726b95bf028036ccd3935752347e0509eca0b70","unchanged-first-pass-evidence-reused","6b73289cefd4e300a75f2550d4d68646172294ad","b336ce62f75ce0d763138bc8523c4695724214a2","metadata_changed","current-source-or-unchanged-blob-plus-prior-source"
"kit/service/platform/platform_mod.go","platform","d43c8269207b8b135a7094cf35b79cd509f2f5ad","unchanged-first-pass-evidence-reused","6b73289cefd4e300a75f2550d4d68646172294ad","b336ce62f75ce0d763138bc8523c4695724214a2","metadata_changed","current-source-or-unchanged-blob-plus-prior-source"
"kit/service/platform/platform_rpc.go","platform","6adb8fce96ec9f058c48cb06dc8926f0ec02f3d8","unchanged-first-pass-evidence-reused","6b73289cefd4e300a75f2550d4d68646172294ad","b336ce62f75ce0d763138bc8523c4695724214a2","metadata_changed","current-source-or-unchanged-blob-plus-prior-source"
"kit/service/platform/platform_rpc_assembly_gen.go","platform","22a6504767da96bf50956ca7c9801efc32329e70","current-generation-check-and-sample","6b73289cefd4e300a75f2550d4d68646172294ad","b336ce62f75ce0d763138bc8523c4695724214a2","metadata_changed","current-source-or-unchanged-blob-plus-prior-source"
"kit/service/platform/platform_rpc_gen.go","platform","05bca481a54624111db43ec9f24dccdac462753a","current-generation-check-and-sample","6b73289cefd4e300a75f2550d4d68646172294ad","b336ce62f75ce0d763138bc8523c4695724214a2","metadata_changed","current-source-or-unchanged-blob-plus-prior-source"
"kit/service/platform/redis_store.go","platform","2d79973d7f73dd201db44db7b50b5303ee6ee709","unchanged-first-pass-evidence-reused","6b73289cefd4e300a75f2550d4d68646172294ad","b336ce62f75ce0d763138bc8523c4695724214a2","metadata_changed","current-source-or-unchanged-blob-plus-prior-source"
"kit/service/platform/server_run.go","platform","64b2dc9cefaea67859dfdeb5a8a41238798d45ce","unchanged-first-pass-evidence-reused","6b73289cefd4e300a75f2550d4d68646172294ad","b336ce62f75ce0d763138bc8523c4695724214a2","metadata_changed","current-source-or-unchanged-blob-plus-prior-source"
"kit/service/platform/service.go","platform","3d93dab374f2e196af55306425ea1b7230c9954a","current-main-chain-source-review","6b73289cefd4e300a75f2550d4d68646172294ad","b336ce62f75ce0d763138bc8523c4695724214a2","metadata_changed","current-source-or-unchanged-blob-plus-prior-source"
"kit/service/platform/types.go","platform","8dae17e7ebbd153840ba5c800e60fcc6a3cbbf5a","current-main-chain-source-review","6b73289cefd4e300a75f2550d4d68646172294ad","b336ce62f75ce0d763138bc8523c4695724214a2","metadata_changed","current-source-or-unchanged-blob-plus-prior-source"
"kit/service/rank/member.go","rank","37d972822950a31f086ad380a5deab2fbcc1587f","unchanged-first-pass-evidence-reused","6b73289cefd4e300a75f2550d4d68646172294ad","b336ce62f75ce0d763138bc8523c4695724214a2","metadata_changed","current-source-or-unchanged-blob-plus-prior-source"
"kit/service/rank/rank.go","rank","82cdb5249ef614676c6d384e1deb92fb18d9b371","unchanged-first-pass-evidence-reused","6b73289cefd4e300a75f2550d4d68646172294ad","b336ce62f75ce0d763138bc8523c4695724214a2","metadata_changed","current-source-or-unchanged-blob-plus-prior-source"
"kit/service/rank/rank_mod.go","rank","9dfcce677f8e566c4c7d2940f9bba7684ada18ae","unchanged-first-pass-evidence-reused","6b73289cefd4e300a75f2550d4d68646172294ad","b336ce62f75ce0d763138bc8523c4695724214a2","metadata_changed","current-source-or-unchanged-blob-plus-prior-source"
"kit/service/rank/rank_rpc_assembly_gen.go","rank","a25756784f3133c347cb196d18128c8b1afb080d","current-generation-check-and-sample","6b73289cefd4e300a75f2550d4d68646172294ad","b336ce62f75ce0d763138bc8523c4695724214a2","metadata_changed","current-source-or-unchanged-blob-plus-prior-source"
"kit/service/rank/rank_rpc_gen.go","rank","6af88af2e85444105dba65b1d8bb41b20461db5c","current-generation-check-and-sample","6b73289cefd4e300a75f2550d4d68646172294ad","b336ce62f75ce0d763138bc8523c4695724214a2","metadata_changed","current-source-or-unchanged-blob-plus-prior-source"
"kit/service/rank/redis_store.go","rank","907545f077255e2aab702c19375545ecaf3cdeaa","current-main-chain-source-review","6b73289cefd4e300a75f2550d4d68646172294ad","b336ce62f75ce0d763138bc8523c4695724214a2","metadata_changed","current-source-or-unchanged-blob-plus-prior-source"
"kit/service/rank/server_run.go","rank","df355927703ef143d2909a4e437d7552e947a84e","unchanged-first-pass-evidence-reused","6b73289cefd4e300a75f2550d4d68646172294ad","b336ce62f75ce0d763138bc8523c4695724214a2","metadata_changed","current-source-or-unchanged-blob-plus-prior-source"
"kit/service/rank/store.go","rank","655cc14a2eea089297b55e70042a27310b91f2d2","unchanged-first-pass-evidence-reused","6b73289cefd4e300a75f2550d4d68646172294ad","b336ce62f75ce0d763138bc8523c4695724214a2","metadata_changed","current-source-or-unchanged-blob-plus-prior-source"
"kit/service/rank/types.go","rank","4478adca3b85eeeb392433446ff1d3d71bf00f3e","unchanged-first-pass-evidence-reused","6b73289cefd4e300a75f2550d4d68646172294ad","b336ce62f75ce0d763138bc8523c4695724214a2","metadata_changed","current-source-or-unchanged-blob-plus-prior-source"
"kit/service/servicemetrics/servicemetrics.go","servicemetrics","dbbd148173210bf7010d733b4d26a607ac950e86","unchanged-first-pass-evidence-reused","6b73289cefd4e300a75f2550d4d68646172294ad","b336ce62f75ce0d763138bc8523c4695724214a2","metadata_changed","current-source-or-unchanged-blob-plus-prior-source"
"kit/service/session/alias.go","session","41b967e9409f5d797d79c83883f45e50b9e85cf5","current-main-chain-source-review","6b73289cefd4e300a75f2550d4d68646172294ad","b336ce62f75ce0d763138bc8523c4695724214a2","metadata_changed","current-source-or-unchanged-blob-plus-prior-source"
"kit/service/session/options.go","session","192eb206bb78bdfa6f83a7d1ea4db67f14ef9944","current-main-chain-source-review","6b73289cefd4e300a75f2550d4d68646172294ad","b336ce62f75ce0d763138bc8523c4695724214a2","metadata_changed","current-source-or-unchanged-blob-plus-prior-source"
"kit/service/session/server_run.go","session","2e7143d9ca6b56c6aad554dd7c5103f6f4ba9a59","current-main-chain-source-review","6b73289cefd4e300a75f2550d4d68646172294ad","b336ce62f75ce0d763138bc8523c4695724214a2","metadata_changed","current-source-or-unchanged-blob-plus-prior-source"
"kit/service/session/session_mod.go","session","2ff99aa734e60cdf96f2942985f66e1b137f950e","current-main-chain-source-review","6b73289cefd4e300a75f2550d4d68646172294ad","b336ce62f75ce0d763138bc8523c4695724214a2","metadata_changed","current-source-or-unchanged-blob-plus-prior-source"
"kit/service/session/session_rpc_assembly_gen.go","session","48538f84f813c83c5d1209311d37431fce1c4f00","current-generation-check-and-sample","6b73289cefd4e300a75f2550d4d68646172294ad","b336ce62f75ce0d763138bc8523c4695724214a2","metadata_changed","current-source-or-unchanged-blob-plus-prior-source"
"service/mail/mail.go","mail","38d22f02a53eda8a585a649776cd4dabc38b963f","current-main-chain-source-review","6b73289cefd4e300a75f2550d4d68646172294ad","b336ce62f75ce0d763138bc8523c4695724214a2","metadata_changed","current-source-or-unchanged-blob-plus-prior-source"
"service/mail/mail_rpc_gen.go","mail","7ce488c749ed5e4f83e3274085c9bcc98326cbb0","current-generation-check-and-sample","6b73289cefd4e300a75f2550d4d68646172294ad","b336ce62f75ce0d763138bc8523c4695724214a2","metadata_changed","current-source-or-unchanged-blob-plus-prior-source"
"service/mail/mailbox.go","mail","ca33f60ecf4bbd6b05da76defbf5aa8b84f9409a","current-main-chain-source-review","6b73289cefd4e300a75f2550d4d68646172294ad","b336ce62f75ce0d763138bc8523c4695724214a2","metadata_changed","current-source-or-unchanged-blob-plus-prior-source"
"service/mail/redis_store.go","mail","3bc29bf916c5f3b29c83b40af2577b06b1b835bc","unchanged-first-pass-evidence-reused","6b73289cefd4e300a75f2550d4d68646172294ad","b336ce62f75ce0d763138bc8523c4695724214a2","metadata_changed","current-source-or-unchanged-blob-plus-prior-source"
"service/mail/send_intent.go","mail","001cf11b551a03f799fc1a69a4f772dc2d215ecd","current-main-chain-source-review","6b73289cefd4e300a75f2550d4d68646172294ad","b336ce62f75ce0d763138bc8523c4695724214a2","metadata_changed","current-source-or-unchanged-blob-plus-prior-source"
"service/mail/service.go","mail","ce1dd7cb0b1095a1e0b5b1e029e828f7f59a5e0e","current-main-chain-source-review","6b73289cefd4e300a75f2550d4d68646172294ad","b336ce62f75ce0d763138bc8523c4695724214a2","metadata_changed","current-source-or-unchanged-blob-plus-prior-source"
"service/mail/store.go","mail","241d47c67a7f5a153d4a171a4e476bed73d6453b","current-main-chain-source-review","6b73289cefd4e300a75f2550d4d68646172294ad","b336ce62f75ce0d763138bc8523c4695724214a2","metadata_changed","current-source-or-unchanged-blob-plus-prior-source"
"service/mail/types.go","mail","c57bbf5f2f578f94be377b003a968c1f263f53f0","unchanged-first-pass-evidence-reused","6b73289cefd4e300a75f2550d4d68646172294ad","b336ce62f75ce0d763138bc8523c4695724214a2","metadata_changed","current-source-or-unchanged-blob-plus-prior-source"
"service/match/grouping.go","match","69d9817716226f7d83f96bd11069a8b33478e217","unchanged-first-pass-evidence-reused","6b73289cefd4e300a75f2550d4d68646172294ad","b336ce62f75ce0d763138bc8523c4695724214a2","metadata_changed","current-source-or-unchanged-blob-plus-prior-source"
"service/match/match_rpc.go","match","af342f490cbcc76056727ca0820606c76a5a2879","unchanged-first-pass-evidence-reused","6b73289cefd4e300a75f2550d4d68646172294ad","b336ce62f75ce0d763138bc8523c4695724214a2","metadata_changed","current-source-or-unchanged-blob-plus-prior-source"
"service/match/matchmaker_rpc_gen.go","match","507f0a072b09fbd5df8e0a0098f80864e54c5b06","current-generation-check-and-sample","6b73289cefd4e300a75f2550d4d68646172294ad","b336ce62f75ce0d763138bc8523c4695724214a2","metadata_changed","current-source-or-unchanged-blob-plus-prior-source"
"service/match/queue_store.go","match","b1f2aa68a73260d51e4d5a564bff16f46a894817","unchanged-first-pass-evidence-reused","6b73289cefd4e300a75f2550d4d68646172294ad","b336ce62f75ce0d763138bc8523c4695724214a2","metadata_changed","current-source-or-unchanged-blob-plus-prior-source"
"service/match/redis_store.go","match","77b61a786212555bc2822277ec0196aa0e86b26d","unchanged-first-pass-evidence-reused","6b73289cefd4e300a75f2550d4d68646172294ad","b336ce62f75ce0d763138bc8523c4695724214a2","metadata_changed","current-source-or-unchanged-blob-plus-prior-source"
"service/match/store.go","match","d9742a175b439e966b20f43bc25801c884e983aa","unchanged-first-pass-evidence-reused","6b73289cefd4e300a75f2550d4d68646172294ad","b336ce62f75ce0d763138bc8523c4695724214a2","metadata_changed","current-source-or-unchanged-blob-plus-prior-source"
"service/match/types.go","match","36de1c4555a93e80f3f018b1dab080c3eca1427b","unchanged-first-pass-evidence-reused","6b73289cefd4e300a75f2550d4d68646172294ad","b336ce62f75ce0d763138bc8523c4695724214a2","metadata_changed","current-source-or-unchanged-blob-plus-prior-source"
"service/session/admin.go","session","c7642fe423e47d2ace0e155a5155a3e6e8013081","unchanged-first-pass-evidence-reused","6b73289cefd4e300a75f2550d4d68646172294ad","b336ce62f75ce0d763138bc8523c4695724214a2","metadata_changed","current-source-or-unchanged-blob-plus-prior-source"
"service/session/redis_store.go","session","d6630dd0acada836e02de0b970da8df2c5cc6a5d","unchanged-first-pass-evidence-reused","6b73289cefd4e300a75f2550d4d68646172294ad","b336ce62f75ce0d763138bc8523c4695724214a2","metadata_changed","current-source-or-unchanged-blob-plus-prior-source"
"service/session/service.go","session","eaca93c7d675a7a8be6f42b24649450d23ba0abd","current-main-chain-source-review","6b73289cefd4e300a75f2550d4d68646172294ad","b336ce62f75ce0d763138bc8523c4695724214a2","metadata_changed","current-source-or-unchanged-blob-plus-prior-source"
"service/session/session_rpc.go","session","9a9f33c91482b771450ba98f916a6809bb70bb43","unchanged-first-pass-evidence-reused","6b73289cefd4e300a75f2550d4d68646172294ad","b336ce62f75ce0d763138bc8523c4695724214a2","metadata_changed","current-source-or-unchanged-blob-plus-prior-source"
"service/session/session_rpc_gen.go","session","364b380f233bab844e8440529bef70ccd54e3ef8","current-generation-check-and-sample","6b73289cefd4e300a75f2550d4d68646172294ad","b336ce62f75ce0d763138bc8523c4695724214a2","metadata_changed","current-source-or-unchanged-blob-plus-prior-source"
"service/session/sweep_source.go","session","36a11b0ed1100b21d57e8a5cf70841f2867f4132","current-main-chain-source-review","6b73289cefd4e300a75f2550d4d68646172294ad","b336ce62f75ce0d763138bc8523c4695724214a2","metadata_changed","current-source-or-unchanged-blob-plus-prior-source"
"service/session/types.go","session","2326e2536907674d7d09ff175bf3fbde61f21079","unchanged-first-pass-evidence-reused","6b73289cefd4e300a75f2550d4d68646172294ad","b336ce62f75ce0d763138bc8523c4695724214a2","metadata_changed","current-source-or-unchanged-blob-plus-prior-source"
