"Path","ReadStatus","Blob","SourceHead"
"cache/atomic_local.go","full_source_read","93b9c58f9b6f27a709bf4e0a9157f53544cd0a9e","3560a19b5c2b2fbeb936bf1bb6a9c1fa0be1f956"
"cache/grouped_local.go","full_source_read","e1f87445017631c789b6c45418b8c691f0473f12","3560a19b5c2b2fbeb936bf1bb6a9c1fa0be1f956"
"cache/layered.go","full_source_read","16f6a3c5ac9aaf341ba88d678125646e8f50d1c3","3560a19b5c2b2fbeb936bf1bb6a9c1fa0be1f956"
"cache/local.go","full_source_read","c733a158d033e300f45db9d6821b472487b2b2e9","3560a19b5c2b2fbeb936bf1bb6a9c1fa0be1f956"
"cache/mirror.go","full_source_read","f6c76dab1ce7ffb35053b2a141b5e5e71e94d040","3560a19b5c2b2fbeb936bf1bb6a9c1fa0be1f956"
"cache/read_through.go","full_source_read","9dbf33c0cea508c598ef3e2a407bf875b2306432","3560a19b5c2b2fbeb936bf1bb6a9c1fa0be1f956"
"cache/redis_hash.go","full_source_read","ecd62fe1cab07c0888cacae9eef9695a2c53cc6b","3560a19b5c2b2fbeb936bf1bb6a9c1fa0be1f956"
"cache/redis_json.go","full_source_read","65d5cc0159886565632d59ea0237faa12be4600c","3560a19b5c2b2fbeb936bf1bb6a9c1fa0be1f956"
"cache/redis_raw.go","full_source_read","e261c5281876e17be4fa637dded0f55d3ca817d9","3560a19b5c2b2fbeb936bf1bb6a9c1fa0be1f956"
"cache/ref_hmap.go","bounded_ranges_only","9a48c7533c0dbc645ea10c4e244bc3113a79ce73","3560a19b5c2b2fbeb936bf1bb6a9c1fa0be1f956"
"cache/store.go","full_source_read","635df05873aa5feb24933d94fde7071bc441dba4","3560a19b5c2b2fbeb936bf1bb6a9c1fa0be1f956"
"migration/migration.go","full_source_read","b47b632c489d194a4abf9d9aa932a9ee320f29a8","3560a19b5c2b2fbeb936bf1bb6a9c1fa0be1f956"
"mongo/bulk.go","full_source_read","7f7957e338a07d25a37825dc1f6ef8af7633bb11","3560a19b5c2b2fbeb936bf1bb6a9c1fa0be1f956"
"mongo/client.go","not_read_this_batch","8855c290386f77e5f3c9ddfc6f8c2e894b896fca","3560a19b5c2b2fbeb936bf1bb6a9c1fa0be1f956"
"mongo/collection.go","full_source_read","fa09be5cd7bd84c64114f185deaa426fb21f8b2d","3560a19b5c2b2fbeb936bf1bb6a9c1fa0be1f956"
"mongo/config.go","not_read_this_batch","7057c85ee7153ce5a96fb4d0f20a49d473790b77","3560a19b5c2b2fbeb936bf1bb6a9c1fa0be1f956"
"mongo/database.go","not_read_this_batch","997ddcef17736318ca29e6045f75976b8a4963af","3560a19b5c2b2fbeb936bf1bb6a9c1fa0be1f956"
"mongo/driver/client.go","full_source_read","1ff5d358dca6db2ee52a487d9ee7047c2387639d","3560a19b5c2b2fbeb936bf1bb6a9c1fa0be1f956"
"mongo/driver/collection.go","full_source_read","5d8c9a941e794aa753a6b8a56fc87668890ca8f1","3560a19b5c2b2fbeb936bf1bb6a9c1fa0be1f956"
"mongo/driver/database.go","not_read_this_batch","9f043a8aa0cb664d14216d3e66441cc9339998d0","3560a19b5c2b2fbeb936bf1bb6a9c1fa0be1f956"
"mongo/driver/session.go","full_source_read","5a0d74d97debac7a321b7966aa8eb7b1981fec6c","3560a19b5c2b2fbeb936bf1bb6a9c1fa0be1f956"
"mongo/errors.go","not_read_this_batch","37baa8a8a9b00b7f880ee633e2866611e80faac2","3560a19b5c2b2fbeb936bf1bb6a9c1fa0be1f956"
"mongo/index.go","not_read_this_batch","97740a23d9aad5180addd824496ba7c7ccc99854","3560a19b5c2b2fbeb936bf1bb6a9c1fa0be1f956"
"mongo/mongotest/mongotest.go","bounded_ranges_only","70ee410406821fa00a2c3df50d7b4a95d51e5eaa","3560a19b5c2b2fbeb936bf1bb6a9c1fa0be1f956"
"mongo/session.go","not_read_this_batch","1295b11fde0a00e1c71371a716c449693e633beb","3560a19b5c2b2fbeb936bf1bb6a9c1fa0be1f956"
"redis/cas.go","full_source_read","b08aa3c1a5a76d5d4fe0bb23fd93dcd53b8d9674","3560a19b5c2b2fbeb936bf1bb6a9c1fa0be1f956"
"redis/client.go","not_read_this_batch","7f07a7c264276bcae336f950127e27824b6116e0","3560a19b5c2b2fbeb936bf1bb6a9c1fa0be1f956"
"redis/config.go","not_read_this_batch","189c922bd79183e7bd2bd3cae674a308d8f1979d","3560a19b5c2b2fbeb936bf1bb6a9c1fa0be1f956"
"redis/driver/assembly.go","not_read_this_batch","9803b64b42a359c823369906c936f3a226b0d967","3560a19b5c2b2fbeb936bf1bb6a9c1fa0be1f956"
"redis/driver/client.go","bounded_ranges_only","d63a21e40fe10d3610c1d1f9aff4c18c93e808f3","3560a19b5c2b2fbeb936bf1bb6a9c1fa0be1f956"
"redis/driver/cluster_recovery.go","not_read_this_batch","c0c7f43ca66a6ddbda348ddc5ff36de7f0974d46","3560a19b5c2b2fbeb936bf1bb6a9c1fa0be1f956"
"redis/driver/lock.go","not_read_this_batch","19ff989f4d6c6a3a54e4da16c2f558d0242776ac","3560a19b5c2b2fbeb936bf1bb6a9c1fa0be1f956"
"redis/driver/pipeline.go","full_source_read","9c3e9b76e06c33a63e3e142398dacaa48a0e027c","3560a19b5c2b2fbeb936bf1bb6a9c1fa0be1f956"
"redis/driver/pubsub.go","not_read_this_batch","5812c1e6656ed71d441652ef20f01ec8e52aa5f0","3560a19b5c2b2fbeb936bf1bb6a9c1fa0be1f956"
"redis/errors.go","not_read_this_batch","38a8fc2149e37dba793915868a1721d59c3ad466","3560a19b5c2b2fbeb936bf1bb6a9c1fa0be1f956"
"redis/lock.go","not_read_this_batch","d7ca1630f651c8a113b17356e3cecdeb02baf7ac","3560a19b5c2b2fbeb936bf1bb6a9c1fa0be1f956"
"redis/pipeline.go","full_source_read","656f99b7a122ee122f4a190f633200d1493c564c","3560a19b5c2b2fbeb936bf1bb6a9c1fa0be1f956"
"redis/pubsub.go","not_read_this_batch","91799c277997763cec40fde14ef9776b3af6d440","3560a19b5c2b2fbeb936bf1bb6a9c1fa0be1f956"
"redis/script.go","not_read_this_batch","21afcb5431f3e08e4e22218d9a51ea6399b1ba70","3560a19b5c2b2fbeb936bf1bb6a9c1fa0be1f956"
"redis/versioned_lock.go","full_source_read","cdb5ced00926172c05f0c5cb60d20343590e3478","3560a19b5c2b2fbeb936bf1bb6a9c1fa0be1f956"
