"Path","SourceParent","RoundCommit","SHA256"
"cache/ref_hmap.go","d49f02f1","baf56bb7","4F12AD2812CC9BC42CF5A4D8DD887B3A345E3F972F796CA0A255DE0E5ADB99B9"
"cache/ref_hmap_test.go","d49f02f1","baf56bb7","9DAE0D7D31B6DA81F0C6C78BD4CE00D545165383D061FABFC20135B20C3B30A5"
"cache/ref_hmap_schema_promises_test.go","d49f02f1","baf56bb7","A7FE9110B446B8C5BA3DED5DC0AE5D03771456752A0BF4B0A14807C443B9F5A6"
"cache/store.go","d49f02f1","baf56bb7","8E467946FF6968EC00883A5000BD1374F369253F1485C4741DB9F40BA6D6DB51"
"cache/local.go","d49f02f1","baf56bb7","495E7E6DDEE44DB29048413F62730B6E4EF5E0B869C3C44BA69128D144A3BA74"
"cache/layered.go","d49f02f1","baf56bb7","0F92DB250210435A0B8D7FB65014B007A1606147EDF4E56660D9BE2CCB268D39"
"migration/migration.go","d49f02f1","baf56bb7","834B279AAD29C18211F60FB3C00AA740CAE9F206D7E008EC8D066B45645C41B2"
"codegen/internal/dao/template_redis.go","d49f02f1","baf56bb7","BE52FAD00B75565EFB34D1EFD84EE49E4C833F578D12159957CBD5282B380349"
"codegen/internal/dao/template_dao.go","d49f02f1","baf56bb7","0CA40820336ED949CE791BFABABB086BC74F01A9464779C3F8AF4C936749F59B"
"codegen/internal/dao/gen.go","d49f02f1","baf56bb7","3EF8C161FC9E56053B492CD5DC97B27D0EBD7BCB76DF3D9362133E24B2059329"
"codegen/internal/dao/parse.go","d49f02f1","baf56bb7","42D77D0F046FE7675DBF702C623623D8C6B00A655394FDCB7B88A6AB878026CC"
"codegen/internal/dao/schema_version_promises_test.go","d49f02f1","baf56bb7","6A08E41288B64932200BA3BB0A9B3CF85F928B8CA8C79D17C40A70DB5E66437E"
"dataengine/tracker.go","d49f02f1","baf56bb7","7ED63F66C2A02A67D43EA7B638297860DCACB22C5697A54AB830A970DC37B6D9"
"redis/client.go","d49f02f1","baf56bb7","F4E72CDAF1BEEC8D26AAFCF0F6B9D2DEECED2CA8F39CCCEE7208E3CC2DA758C0"
"redis/driver/client.go","d49f02f1","baf56bb7","BDFE65811948480D6297D8FD6E148CDA760B4B58F780B29DDD7962EE6C67712C"
"cache/ref_hmap_unknown_write_test.go","d49f02f1","baf56bb7","5F08B2387D2ACF26DCAFC112C94E21A07BEC528CB844A3C2FA5A9FC49518F670"
"cache/ref_hmap_contracts_test.go","d49f02f1","baf56bb7","679696645651B67FFABE078262D4BBE6F31750279CBA78741C80FD065FD0798F"
"cache/ref_hmap_boundary_test.go","d49f02f1","baf56bb7","CB97B00B1E7CEC5691A1EF5B3E708D10EF34FE2AA327441904FDEFBFA1FCD66A"
"cache/ref_hmap_patch_ttl_promises_test.go","d49f02f1","baf56bb7","83B22B971592E8990CCF992DE5C58F68B46E33811962D4038B6A71AB6188122C"
