"path","sha256","source_head","evidence"
"codegen/internal/cfggen/main.go","944212b08264e167fd49c20ef4b165b55c4da7602bdb9f5a91e81c96c0c659d1","30085d628bc70eb89f051329b90020d652d97c52","graph where available; current source fallback; bounded consumer/overlay checks"
"codegen/internal/cfggen/main_test.go","a96a8d9de34cdfd312bb6093ab0c934a7a5f0f346d97c7c5be2818de05c1e18d","30085d628bc70eb89f051329b90020d652d97c52","graph where available; current source fallback; bounded consumer/overlay checks"
"codegen/internal/cfggen/groups_test.go","1ae9487d4464c66a677535e3eff4749a00777cc523aa4502df4b4a22a207b976","30085d628bc70eb89f051329b90020d652d97c52","graph where available; current source fallback; bounded consumer/overlay checks"
"codegen/internal/roost/dependencies.go","412b0ebe7b6c6398849e1814142e2dca25304e3dd4386b720eee32b929d8813e","30085d628bc70eb89f051329b90020d652d97c52","graph where available; current source fallback; bounded consumer/overlay checks"
"codegen/internal/roost/dependencies_test.go","f0ba1cb5580ddea4454c5c43bd95a22c7412a26a7ef2f496f9d6c957fab9efb0","30085d628bc70eb89f051329b90020d652d97c52","graph where available; current source fallback; bounded consumer/overlay checks"
"codegen/internal/roost/consolidate.go","22b6810f9c7d0aafd42004719cea53bd14a65d4ff0ced23a1d3e3b1a11bb3dfb","30085d628bc70eb89f051329b90020d652d97c52","graph where available; current source fallback; bounded consumer/overlay checks"
"codegen/internal/roost/consolidate_test.go","f765fd961432b4323853662e19bf4ce9a97bdc1cd02be4dd8ad8945e38eb4ecd","30085d628bc70eb89f051329b90020d652d97c52","graph where available; current source fallback; bounded consumer/overlay checks"
"codegen/internal/roost/cli.go","fbe0723db941421220da9a89f6818478e5a10b53c3462857c9756ed82a6ec2c5","30085d628bc70eb89f051329b90020d652d97c52","graph where available; current source fallback; bounded consumer/overlay checks"
"codegen/internal/roost/manifest.go","97a4ed3847243e6b257a61718e551a52843891131b8dfd2e1bc68ee6196f73f1","30085d628bc70eb89f051329b90020d652d97c52","graph where available; current source fallback; bounded consumer/overlay checks"
