"Path","SourceHead","SHA256"
"remoteentity/versioned_lock.go","5d386146","5CCFFE9537E633C50B47AD94575913C33E821D61DCDD433B09115196A7A74BD0"
"remoteentity/versioned_lock_lua.go","5d386146","31372C19D8BC9D09CFBC4D8D32278CAD905CF963826253B4C3537251EB16E943"
"remoteentity/versioned_lock_acquire_unknown_promises_test.go","5d386146","F606126A25D38E8C0F9BAA6422C7E1E17CE3380F8C4D28BDA2DE3768CFEF593F"
"remoteentity/redis_acquire_unknown_integration_test.go","5d386146","F04F54DE78972FD8294F070F712F1BC9EC1C20D9A86286FC5B5E35C9208B0480"
"remoteentity/versioned_lock_release_unknown_promises_test.go","5d386146","BA8267DBAD8A6B51E88F89BE6BBC25502052D0B115DC522E6278834FFD46517F"
"remoteentity/versioned_lock_unlock_test.go","5d386146","4FCA057FDBA19B652652A6BF37189700DEC24BF56EB742DAAF4B8636079D3F05"
"remoteentity/redis_lock_integration_test.go","5d386146","5622243330163BB83D87D24E46A73A45D23CD95B2B173728607E4F1A89475750"
"remoteentity/redis_unlock_outage_integration_test.go","5d386146","F775C5A56B9DF64BA73DB30A0C5D4212AABF11845E745B9BD54610A92454E2C1"
"redis/client.go","5d386146","F4E72CDAF1BEEC8D26AAFCF0F6B9D2DEECED2CA8F39CCCEE7208E3CC2DA758C0"
