path,review_evidence,graph_freshness
kit/service/account/account_mod.go,targeted-current-source,not_tracked
kit/service/account/account_rpc.go,targeted-current-source,not_tracked
kit/service/account/accounts_rpc_assembly_gen.go,generated-check-and-sample,not_tracked
kit/service/account/accounts_rpc_gen.go,generated-check-and-sample,not_tracked
kit/service/account/identity.go,targeted-current-source,not_tracked
kit/service/account/redis_store.go,targeted-current-source,not_tracked
kit/service/account/server_run.go,targeted-current-source,not_tracked
kit/service/account/service.go,targeted-current-source,not_tracked
kit/service/account/types.go,targeted-current-source,not_tracked
kit/service/chat/chat.go,targeted-current-source,not_tracked
kit/service/chat/chat_mod.go,targeted-current-source,not_tracked
kit/service/chat/chat_rpc.go,targeted-current-source,not_tracked
kit/service/chat/messaging_rpc_assembly_gen.go,generated-check-and-sample,not_tracked
kit/service/chat/messaging_rpc_gen.go,generated-check-and-sample,not_tracked
kit/service/chat/redis_store.go,targeted-current-source,not_tracked
kit/service/chat/server_run.go,targeted-current-source,not_tracked
kit/service/chat/service.go,targeted-current-source,not_tracked
kit/service/chat/store.go,targeted-current-source,not_tracked
kit/service/directory/directory.go,targeted-current-source,not_tracked
kit/service/directory/directory_mod.go,targeted-current-source,not_tracked
kit/service/directory/redis_store.go,targeted-current-source,not_tracked
kit/service/directory/store.go,targeted-current-source,not_tracked
kit/service/examples/split/consumer.go,example-source,not_tracked
kit/service/examples/split/doc.go,example-source,not_tracked
kit/service/examples/split/gameprocess.go,example-source,not_tracked
kit/service/examples/split/mailprocess.go,example-source,not_tracked
kit/service/global/activity/activity_mod.go,targeted-current-source,not_tracked
kit/service/global/activity/activity_rpc.go,targeted-current-source,not_tracked
kit/service/global/activity/admin.go,targeted-current-source,not_tracked
kit/service/global/activity/coordinator_rpc_assembly_gen.go,generated-check-and-sample,not_tracked
kit/service/global/activity/coordinator_rpc_gen.go,generated-check-and-sample,not_tracked
kit/service/global/activity/redis_store.go,targeted-current-source,not_tracked
kit/service/global/activity/server_run.go,targeted-current-source,not_tracked
kit/service/global/activity/service.go,targeted-current-source,not_tracked
kit/service/global/activity/types.go,targeted-current-source,not_tracked
kit/service/global/global_mod.go,targeted-current-source,not_tracked
kit/service/global/global_rpc.go,targeted-current-source,not_tracked
kit/service/global/redis_store.go,targeted-current-source,not_tracked
kit/service/global/routing_rpc_assembly_gen.go,generated-check-and-sample,not_tracked
kit/service/global/routing_rpc_gen.go,generated-check-and-sample,not_tracked
kit/service/global/server_run.go,targeted-current-source,not_tracked
kit/service/global/service.go,targeted-current-source,not_tracked
kit/service/global/types.go,targeted-current-source,not_tracked
kit/service/integration/doc.go,documentation-source,not_tracked
kit/service/mail/alias.go,alias-and-wiring-source,not_tracked
kit/service/mail/mail_mod.go,targeted-current-source,not_tracked
kit/service/mail/mail_rpc_assembly_gen.go,generated-check-and-sample,not_tracked
kit/service/mail/server_run.go,targeted-current-source,not_tracked
kit/service/match/alias.go,alias-and-wiring-source,not_tracked
kit/service/match/match_mod.go,targeted-current-source,not_tracked
kit/service/match/matchmaker_rpc_assembly_gen.go,generated-check-and-sample,not_tracked
kit/service/match/server_run.go,targeted-current-source,not_tracked
kit/service/platform/admin.go,targeted-current-source,not_tracked
kit/service/platform/identity.go,targeted-current-source,not_tracked
kit/service/platform/platform_mod.go,targeted-current-source,not_tracked
kit/service/platform/platform_rpc.go,targeted-current-source,not_tracked
kit/service/platform/platform_rpc_assembly_gen.go,generated-check-and-sample,not_tracked
kit/service/platform/platform_rpc_gen.go,generated-check-and-sample,not_tracked
kit/service/platform/redis_store.go,targeted-current-source,not_tracked
kit/service/platform/server_run.go,targeted-current-source,not_tracked
kit/service/platform/service.go,targeted-current-source,not_tracked
kit/service/platform/types.go,targeted-current-source,not_tracked
kit/service/rank/member.go,targeted-current-source,not_tracked
kit/service/rank/rank.go,targeted-current-source,not_tracked
kit/service/rank/rank_mod.go,targeted-current-source,not_tracked
kit/service/rank/rank_rpc_assembly_gen.go,generated-check-and-sample,not_tracked
kit/service/rank/rank_rpc_gen.go,generated-check-and-sample,not_tracked
kit/service/rank/redis_store.go,targeted-current-source,not_tracked
kit/service/rank/server_run.go,targeted-current-source,not_tracked
kit/service/rank/store.go,targeted-current-source,not_tracked
kit/service/rank/types.go,targeted-current-source,not_tracked
kit/service/servicemetrics/servicemetrics.go,alias-and-wiring-source,not_tracked
kit/service/session/alias.go,alias-and-wiring-source,not_tracked
kit/service/session/server_run.go,targeted-current-source,not_tracked
kit/service/session/session_mod.go,targeted-current-source,not_tracked
kit/service/session/session_rpc_assembly_gen.go,generated-check-and-sample,not_tracked
service/mail/mail.go,targeted-current-source,metadata_changed
service/mail/mail_rpc_gen.go,generated-check-and-sample,metadata_changed
service/mail/mailbox.go,targeted-current-source,metadata_changed
service/mail/redis_store.go,targeted-current-source,metadata_changed
service/mail/service.go,targeted-current-source,metadata_changed
service/mail/store.go,targeted-current-source,metadata_changed
service/mail/types.go,targeted-current-source,metadata_changed
service/match/grouping.go,targeted-current-source,metadata_changed
service/match/match_rpc.go,targeted-current-source,metadata_changed
service/match/matchmaker_rpc_gen.go,generated-check-and-sample,metadata_changed
service/match/queue_store.go,targeted-current-source,metadata_changed
service/match/redis_store.go,targeted-current-source,metadata_changed
service/match/store.go,targeted-current-source,metadata_changed
service/match/types.go,targeted-current-source,metadata_changed
service/session/admin.go,targeted-current-source,metadata_changed
service/session/redis_store.go,targeted-current-source,metadata_changed
service/session/service.go,targeted-current-source,metadata_changed
service/session/session_rpc.go,targeted-current-source,metadata_changed
service/session/session_rpc_gen.go,generated-check-and-sample,metadata_changed
service/session/types.go,targeted-current-source,metadata_changed
