"Path","SHA256"
"cache/atomic_local.go","14166C83B3710910B188F447D7DEAE032510B0D9431F641B78B0C7E81F3A5D8E"
"cache/grouped_local.go","0CA3E915C8B1F91E089780E7C1DFC139CDA6B63FA7716588CC4BC77FA28D1405"
"cache/layered.go","F1FAB2360E40BDCBBA06AF938BD6E671F8F599BE075F5AD70817B361B5FD5BBA"
"cache/local.go","495E7E6DDEE44DB29048413F62730B6E4EF5E0B869C3C44BA69128D144A3BA74"
"cache/mirror.go","20A34D6AB1F61F17BE81F0732A7554F892AB462494C5F4CEA71A71362A22C33D"
"cache/read_through.go","D68A2C19672792D3FE7E5ECD7DEAD0FC34903431C4C54321C1681E4D8541C58F"
"cache/redis_hash.go","8BF82ABEAD4FBBFC308D646AC3D4EF740558E56EB71B239756506F14F31C16BF"
"cache/redis_json.go","4559FFAD7CB90CF93FEA24571C0A429B65E7D86020AFC762270333FA35F6795A"
"cache/redis_raw.go","91EC972117B15B7B8D0573E49433E9C236E31D07784A36A58C8E15241EEBF20A"
"cache/ref_hmap_unknown_write_test.go","5F08B2387D2ACF26DCAFC112C94E21A07BEC528CB844A3C2FA5A9FC49518F670"
"cache/ref_hmap.go","2A9233BB9CF851D188423FE154366E0778B886B62C9670863F04D0BDF362DDFE"
"cache/store.go","8E467946FF6968EC00883A5000BD1374F369253F1485C4741DB9F40BA6D6DB51"
"codegen/cmd/dao/main.go","094A78BD3AF392BB61C5A7347A25810C72CBD80DC3C137E6F1E899B3524D093B"
"codegen/internal/dao/template_redis.go","BE52FAD00B75565EFB34D1EFD84EE49E4C833F578D12159957CBD5282B380349"
"migration/migration.go","834B279AAD29C18211F60FB3C00AA740CAE9F206D7E008EC8D066B45645C41B2"
"mongo/bulk.go","D8CACCDEE5AE522C834CA650C853C1009E7FE47CD6A147B459B253CF16379744"
"mongo/client.go","6D281963C834597094C0C8A1BE92C901D19E0E0AEBB38CAC6492A54645C440DC"
"mongo/collection.go","7E28CD77DBB1F0562C5AF325DB4C148054ACD8E7ECF8F2680E98E1740F0A9E02"
"mongo/config.go","CA8E38D2675A617F238A1F9F4AB0CE802ACB645FF007E3CB4125EF8F47569040"
"mongo/database.go","403A6825D2AEC01CBF52179FBDC50C6238522708D0895A24649565D122446B63"
"mongo/driver/client.go","1CC33718D0689045F969BCB1CF331C9FA6E506D7AD9810A798539CD8C4A244A6"
"mongo/driver/collection.go","9322544522F31C42775EAC922543F169D14FE55B446DD988CEC0733943562D0F"
"mongo/driver/database.go","9268D1B9A68E5CDFFA34F413B8268678A5E756EC30D3CEAFE6B0CBC95EA86AF7"
"mongo/driver/session.go","69E62CF9FC630E4C013CBCDFACBD053751E6D9D081FF13EA9FB3FC70701D9BD6"
"mongo/errors.go","0998DFE00FCC98D81C0F715CC88457C6E33B27980E65B2AD6B81900E52600463"
"mongo/index.go","B3135CD2EB7C4DF383B6582E613E3B15380182A76188336DA86E869EC13B037E"
"mongo/mongotest/identity_boundary_test.go","9757DCE21D718F3403F99D9691122CC6AB3292125FF729D937D5D11F5E12B122"
"mongo/mongotest/identity_promises_test.go","2071D6D0939D426468EDFF8AB4F8E6AFF89E90A89FBD015B3AD7A59B96EEAC0B"
"mongo/mongotest/mongotest.go","9104D44281A8C8E3C9128C504860FBC316CD8FCE3D0FB48D0588CD9A99287509"
"mongo/session.go","FCDE9BFE4B1E8AA614AFA1B7DEF7D33B2B82822D9B48DAF7A03419A57BC00183"
"redis/cas.go","92F36B14E1090902EA7FEC37851F10D8796AD8EDA74A2FDF484EA90A99DD3C36"
"redis/client.go","F4E72CDAF1BEEC8D26AAFCF0F6B9D2DEECED2CA8F39CCCEE7208E3CC2DA758C0"
"redis/config.go","A4D2AF919D97513B99DAE82815F9BEFC9C12B4B7E93D89F90CFF45D93005A423"
"redis/driver/assembly.go","E0E0E76E1A90C47FE3D6D2F6012D22F545A66FA285C9F268E5B2160F5C9CB48F"
"redis/driver/client.go","BDFE65811948480D6297D8FD6E148CDA760B4B58F780B29DDD7962EE6C67712C"
"redis/driver/cluster_recovery.go","9CF2DD3BA2507B20DB4F655E27BF5DF4DA7D39EFEC67FB7FC5D62C0BB16579A8"
"redis/driver/lock.go","85EFF9584F5569302325837DCC1565383115C75E5C6A0A3B7CCF194CAB9BCFEE"
"redis/driver/pipeline.go","9EA55AB17DD616468951DDC63039AD1D06CA3AA539462129E33D9301DB83228F"
"redis/driver/pubsub.go","7A8F68E0B355B839FB31A0675962E6C97E7C06629C45D9805FC1BE21EFAE558F"
"redis/errors.go","91F2953C7FAF36500D61046262558EBB6BA4C7B19B2C0513626626BF66323059"
"redis/lock.go","8E2A18B7F5564FE6DCD7BA2867B9B1D598DADFC5475B7CF93A1F60D048F02BF2"
"redis/pipeline.go","97BAC2610682F718B300BB9F8AB7F6858B651A7B07A89C0A36E6E4C4921DDD34"
"redis/pubsub.go","385DE0C2A7C4B2FF78C154B811A5F17D710C2F9DF7F4FC2464E7946515555296"
"redis/script.go","3286D703D42AAE2D8A092197755BC00F2894AF0A4BA1160447A01A90EB880FD3"
"redis/versioned_lock.go","445FA0B3F7CCAD99741F0144EED502B5BF6EE0A2D947E24CE7F7D4C9A1A0D369"
